codigo_tce;nome_municipio;fonte_url
001;Água Branca;https://download.tce.pb.gov.br/dados-abertos/dados-por-municipio/001/despesas/despesas-2026.zip
002;Aguiar;https://download.tce.pb.gov.br/dados-abertos/dados-por-municipio/002/despesas/despesas-2026.zip
003;Alagoa Grande;https://download.tce.pb.gov.br/dados-abertos/dados-por-municipio/003/despesas/despesas-2026.zip
004;Alagoa Nova;https://download.tce.pb.gov.br/dados-abertos/dados-por-municipio/004/despesas/despesas-2026.zip
005;Alagoinha;https://download.tce.pb.gov.br/dados-abertos/dados-por-municipio/005/despesas/despesas-2026.zip
006;Alcantil;https://download.tce.pb.gov.br/dados-abertos/dados-por-municipio/006/despesas/despesas-2026.zip
007;Algodão de Jandaíra;https://download.tce.pb.gov.br/dados-abertos/dados-por-municipio/007/despesas/despesas-2026.zip
008;Alhandra;https://download.tce.pb.gov.br/dados-abertos/dados-por-municipio/008/despesas/despesas-2026.zip
009;Amparo;https://download.tce.pb.gov.br/dados-abertos/dados-por-municipio/009/despesas/despesas-2026.zip
010;Aparecida;https://download.tce.pb.gov.br/dados-abertos/dados-por-municipio/010/despesas/despesas-2026.zip
011;Araçagi;https://download.tce.pb.gov.br/dados-abertos/dados-por-municipio/011/despesas/despesas-2026.zip
012;Arara;https://download.tce.pb.gov.br/dados-abertos/dados-por-municipio/012/despesas/despesas-2026.zip
013;Araruna;https://download.tce.pb.gov.br/dados-abertos/dados-por-municipio/013/despesas/despesas-2026.zip
014;Areia;https://download.tce.pb.gov.br/dados-abertos/dados-por-municipio/014/despesas/despesas-2026.zip
015;Areia de Baraúnas;https://download.tce.pb.gov.br/dados-abertos/dados-por-municipio/015/despesas/despesas-2026.zip
016;Areial;https://download.tce.pb.gov.br/dados-abertos/dados-por-municipio/016/despesas/despesas-2026.zip
017;Aroeiras;https://download.tce.pb.gov.br/dados-abertos/dados-por-municipio/017/despesas/despesas-2026.zip
018;Assunção;https://download.tce.pb.gov.br/dados-abertos/dados-por-municipio/018/despesas/despesas-2026.zip
019;Baía da Traição;https://download.tce.pb.gov.br/dados-abertos/dados-por-municipio/019/despesas/despesas-2026.zip
020;Bananeiras;https://download.tce.pb.gov.br/dados-abertos/dados-por-municipio/020/despesas/despesas-2026.zip
021;Baraúna;https://download.tce.pb.gov.br/dados-abertos/dados-por-municipio/021/despesas/despesas-2026.zip
022;Barra de Santa Rosa;https://download.tce.pb.gov.br/dados-abertos/dados-por-municipio/022/despesas/despesas-2026.zip
023;Barra de Santana;https://download.tce.pb.gov.br/dados-abertos/dados-por-municipio/023/despesas/despesas-2026.zip
024;Barra de São Miguel;https://download.tce.pb.gov.br/dados-abertos/dados-por-municipio/024/despesas/despesas-2026.zip
025;Bayeux;https://download.tce.pb.gov.br/dados-abertos/dados-por-municipio/025/despesas/despesas-2026.zip
026;Belém;https://download.tce.pb.gov.br/dados-abertos/dados-por-municipio/026/despesas/despesas-2026.zip
027;Belém do Brejo do Cruz;https://download.tce.pb.gov.br/dados-abertos/dados-por-municipio/027/despesas/despesas-2026.zip
028;Bernardino Batista;https://download.tce.pb.gov.br/dados-abertos/dados-por-municipio/028/despesas/despesas-2026.zip
029;Boa Ventura;https://download.tce.pb.gov.br/dados-abertos/dados-por-municipio/029/despesas/despesas-2026.zip
030;Boa Vista;https://download.tce.pb.gov.br/dados-abertos/dados-por-municipio/030/despesas/despesas-2026.zip
031;Bom Jesus;https://download.tce.pb.gov.br/dados-abertos/dados-por-municipio/031/despesas/despesas-2026.zip
032;Bom Sucesso;https://download.tce.pb.gov.br/dados-abertos/dados-por-municipio/032/despesas/despesas-2026.zip
033;Bonito de Santa Fé;https://download.tce.pb.gov.br/dados-abertos/dados-por-municipio/033/despesas/despesas-2026.zip
034;Boqueirão;https://download.tce.pb.gov.br/dados-abertos/dados-por-municipio/034/despesas/despesas-2026.zip
035;Borborema;https://download.tce.pb.gov.br/dados-abertos/dados-por-municipio/035/despesas/despesas-2026.zip
036;Brejo do Cruz;https://download.tce.pb.gov.br/dados-abertos/dados-por-municipio/036/despesas/despesas-2026.zip
037;Brejo dos Santos;https://download.tce.pb.gov.br/dados-abertos/dados-por-municipio/037/despesas/despesas-2026.zip
038;Caaporã;https://download.tce.pb.gov.br/dados-abertos/dados-por-municipio/038/despesas/despesas-2026.zip
039;Cabaceiras;https://download.tce.pb.gov.br/dados-abertos/dados-por-municipio/039/despesas/despesas-2026.zip
040;Cabedelo;https://download.tce.pb.gov.br/dados-abertos/dados-por-municipio/040/despesas/despesas-2026.zip
041;Cachoeira dos Índios;https://download.tce.pb.gov.br/dados-abertos/dados-por-municipio/041/despesas/despesas-2026.zip
042;Cacimba de Areia;https://download.tce.pb.gov.br/dados-abertos/dados-por-municipio/042/despesas/despesas-2026.zip
043;Cacimba de Dentro;https://download.tce.pb.gov.br/dados-abertos/dados-por-municipio/043/despesas/despesas-2026.zip
044;Cacimbas;https://download.tce.pb.gov.br/dados-abertos/dados-por-municipio/044/despesas/despesas-2026.zip
045;Caiçara;https://download.tce.pb.gov.br/dados-abertos/dados-por-municipio/045/despesas/despesas-2026.zip
046;Cajazeiras;https://download.tce.pb.gov.br/dados-abertos/dados-por-municipio/046/despesas/despesas-2026.zip
047;Cajazeirinhas;https://download.tce.pb.gov.br/dados-abertos/dados-por-municipio/047/despesas/despesas-2026.zip
048;Caldas Brandão;https://download.tce.pb.gov.br/dados-abertos/dados-por-municipio/048/despesas/despesas-2026.zip
049;Camalaú;https://download.tce.pb.gov.br/dados-abertos/dados-por-municipio/049/despesas/despesas-2026.zip
050;Campina Grande;https://download.tce.pb.gov.br/dados-abertos/dados-por-municipio/050/despesas/despesas-2026.zip
051;Tacima;https://download.tce.pb.gov.br/dados-abertos/dados-por-municipio/051/despesas/despesas-2026.zip
052;Capim;https://download.tce.pb.gov.br/dados-abertos/dados-por-municipio/052/despesas/despesas-2026.zip
053;Caraúbas;https://download.tce.pb.gov.br/dados-abertos/dados-por-municipio/053/despesas/despesas-2026.zip
054;Carrapateira;https://download.tce.pb.gov.br/dados-abertos/dados-por-municipio/054/despesas/despesas-2026.zip
055;Casserengue;https://download.tce.pb.gov.br/dados-abertos/dados-por-municipio/055/despesas/despesas-2026.zip
056;Catingueira;https://download.tce.pb.gov.br/dados-abertos/dados-por-municipio/056/despesas/despesas-2026.zip
057;Catolé do Rocha;https://download.tce.pb.gov.br/dados-abertos/dados-por-municipio/057/despesas/despesas-2026.zip
058;Caturité;https://download.tce.pb.gov.br/dados-abertos/dados-por-municipio/058/despesas/despesas-2026.zip
059;Conceição;https://download.tce.pb.gov.br/dados-abertos/dados-por-municipio/059/despesas/despesas-2026.zip
060;Condado;https://download.tce.pb.gov.br/dados-abertos/dados-por-municipio/060/despesas/despesas-2026.zip
061;Conde;https://download.tce.pb.gov.br/dados-abertos/dados-por-municipio/061/despesas/despesas-2026.zip
062;Congo;https://download.tce.pb.gov.br/dados-abertos/dados-por-municipio/062/despesas/despesas-2026.zip
063;Coremas;https://download.tce.pb.gov.br/dados-abertos/dados-por-municipio/063/despesas/despesas-2026.zip
064;Coxixola;https://download.tce.pb.gov.br/dados-abertos/dados-por-municipio/064/despesas/despesas-2026.zip
065;Cruz do Espírito Santo;https://download.tce.pb.gov.br/dados-abertos/dados-por-municipio/065/despesas/despesas-2026.zip
066;Cubati;https://download.tce.pb.gov.br/dados-abertos/dados-por-municipio/066/despesas/despesas-2026.zip
067;Cuité;https://download.tce.pb.gov.br/dados-abertos/dados-por-municipio/067/despesas/despesas-2026.zip
068;Cuité de Mamanguape;https://download.tce.pb.gov.br/dados-abertos/dados-por-municipio/068/despesas/despesas-2026.zip
069;Cuitegi;https://download.tce.pb.gov.br/dados-abertos/dados-por-municipio/069/despesas/despesas-2026.zip
070;Curral de Cima;https://download.tce.pb.gov.br/dados-abertos/dados-por-municipio/070/despesas/despesas-2026.zip
071;Curral Velho;https://download.tce.pb.gov.br/dados-abertos/dados-por-municipio/071/despesas/despesas-2026.zip
072;Damião;https://download.tce.pb.gov.br/dados-abertos/dados-por-municipio/072/despesas/despesas-2026.zip
073;Desterro;https://download.tce.pb.gov.br/dados-abertos/dados-por-municipio/073/despesas/despesas-2026.zip
074;Diamante;https://download.tce.pb.gov.br/dados-abertos/dados-por-municipio/074/despesas/despesas-2026.zip
075;Dona Inês;https://download.tce.pb.gov.br/dados-abertos/dados-por-municipio/075/despesas/despesas-2026.zip
076;Duas Estradas;https://download.tce.pb.gov.br/dados-abertos/dados-por-municipio/076/despesas/despesas-2026.zip
077;Emas;https://download.tce.pb.gov.br/dados-abertos/dados-por-municipio/077/despesas/despesas-2026.zip
078;Esperança;https://download.tce.pb.gov.br/dados-abertos/dados-por-municipio/078/despesas/despesas-2026.zip
079;Fagundes;https://download.tce.pb.gov.br/dados-abertos/dados-por-municipio/079/despesas/despesas-2026.zip
080;Frei Martinho;https://download.tce.pb.gov.br/dados-abertos/dados-por-municipio/080/despesas/despesas-2026.zip
081;Gado Bravo;https://download.tce.pb.gov.br/dados-abertos/dados-por-municipio/081/despesas/despesas-2026.zip
082;Guarabira;https://download.tce.pb.gov.br/dados-abertos/dados-por-municipio/082/despesas/despesas-2026.zip
083;Gurinhém;https://download.tce.pb.gov.br/dados-abertos/dados-por-municipio/083/despesas/despesas-2026.zip
084;Gurjão;https://download.tce.pb.gov.br/dados-abertos/dados-por-municipio/084/despesas/despesas-2026.zip
085;Ibiara;https://download.tce.pb.gov.br/dados-abertos/dados-por-municipio/085/despesas/despesas-2026.zip
086;Igaracy;https://download.tce.pb.gov.br/dados-abertos/dados-por-municipio/086/despesas/despesas-2026.zip
087;Imaculada;https://download.tce.pb.gov.br/dados-abertos/dados-por-municipio/087/despesas/despesas-2026.zip
088;Ingá;https://download.tce.pb.gov.br/dados-abertos/dados-por-municipio/088/despesas/despesas-2026.zip
089;Itabaiana;https://download.tce.pb.gov.br/dados-abertos/dados-por-municipio/089/despesas/despesas-2026.zip
090;Itaporanga;https://download.tce.pb.gov.br/dados-abertos/dados-por-municipio/090/despesas/despesas-2026.zip
091;Itapororoca;https://download.tce.pb.gov.br/dados-abertos/dados-por-municipio/091/despesas/despesas-2026.zip
092;Itatuba;https://download.tce.pb.gov.br/dados-abertos/dados-por-municipio/092/despesas/despesas-2026.zip
093;Jacaraú;https://download.tce.pb.gov.br/dados-abertos/dados-por-municipio/093/despesas/despesas-2026.zip
094;Jericó;https://download.tce.pb.gov.br/dados-abertos/dados-por-municipio/094/despesas/despesas-2026.zip
095;João Pessoa;https://download.tce.pb.gov.br/dados-abertos/dados-por-municipio/095/despesas/despesas-2026.zip
096;Juarez Távora;https://download.tce.pb.gov.br/dados-abertos/dados-por-municipio/096/despesas/despesas-2026.zip
097;Juazeirinho;https://download.tce.pb.gov.br/dados-abertos/dados-por-municipio/097/despesas/despesas-2026.zip
098;Junco do Seridó;https://download.tce.pb.gov.br/dados-abertos/dados-por-municipio/098/despesas/despesas-2026.zip
099;Juripiranga;https://download.tce.pb.gov.br/dados-abertos/dados-por-municipio/099/despesas/despesas-2026.zip
100;Juru;https://download.tce.pb.gov.br/dados-abertos/dados-por-municipio/100/despesas/despesas-2026.zip
101;Lagoa;https://download.tce.pb.gov.br/dados-abertos/dados-por-municipio/101/despesas/despesas-2026.zip
102;Lagoa de Dentro;https://download.tce.pb.gov.br/dados-abertos/dados-por-municipio/102/despesas/despesas-2026.zip
103;Lagoa Seca;https://download.tce.pb.gov.br/dados-abertos/dados-por-municipio/103/despesas/despesas-2026.zip
104;Lastro;https://download.tce.pb.gov.br/dados-abertos/dados-por-municipio/104/despesas/despesas-2026.zip
105;Livramento;https://download.tce.pb.gov.br/dados-abertos/dados-por-municipio/105/despesas/despesas-2026.zip
106;Logradouro;https://download.tce.pb.gov.br/dados-abertos/dados-por-municipio/106/despesas/despesas-2026.zip
107;Lucena;https://download.tce.pb.gov.br/dados-abertos/dados-por-municipio/107/despesas/despesas-2026.zip
108;Mãe d'Água;https://download.tce.pb.gov.br/dados-abertos/dados-por-municipio/108/despesas/despesas-2026.zip
109;Malta;https://download.tce.pb.gov.br/dados-abertos/dados-por-municipio/109/despesas/despesas-2026.zip
110;Mamanguape;https://download.tce.pb.gov.br/dados-abertos/dados-por-municipio/110/despesas/despesas-2026.zip
111;Manaíra;https://download.tce.pb.gov.br/dados-abertos/dados-por-municipio/111/despesas/despesas-2026.zip
112;Marcação;https://download.tce.pb.gov.br/dados-abertos/dados-por-municipio/112/despesas/despesas-2026.zip
113;Mari;https://download.tce.pb.gov.br/dados-abertos/dados-por-municipio/113/despesas/despesas-2026.zip
114;Marizópolis;https://download.tce.pb.gov.br/dados-abertos/dados-por-municipio/114/despesas/despesas-2026.zip
115;Massaranduba;https://download.tce.pb.gov.br/dados-abertos/dados-por-municipio/115/despesas/despesas-2026.zip
116;Mataraca;https://download.tce.pb.gov.br/dados-abertos/dados-por-municipio/116/despesas/despesas-2026.zip
117;Matinhas;https://download.tce.pb.gov.br/dados-abertos/dados-por-municipio/117/despesas/despesas-2026.zip
118;Mato Grosso;https://download.tce.pb.gov.br/dados-abertos/dados-por-municipio/118/despesas/despesas-2026.zip
119;Maturéia;https://download.tce.pb.gov.br/dados-abertos/dados-por-municipio/119/despesas/despesas-2026.zip
120;Mogeiro;https://download.tce.pb.gov.br/dados-abertos/dados-por-municipio/120/despesas/despesas-2026.zip
121;Montadas;https://download.tce.pb.gov.br/dados-abertos/dados-por-municipio/121/despesas/despesas-2026.zip
122;Monte Horebe;https://download.tce.pb.gov.br/dados-abertos/dados-por-municipio/122/despesas/despesas-2026.zip
123;Monteiro;https://download.tce.pb.gov.br/dados-abertos/dados-por-municipio/123/despesas/despesas-2026.zip
124;Mulungu;https://download.tce.pb.gov.br/dados-abertos/dados-por-municipio/124/despesas/despesas-2026.zip
125;Natuba;https://download.tce.pb.gov.br/dados-abertos/dados-por-municipio/125/despesas/despesas-2026.zip
126;Nazarezinho;https://download.tce.pb.gov.br/dados-abertos/dados-por-municipio/126/despesas/despesas-2026.zip
127;Nova Floresta;https://download.tce.pb.gov.br/dados-abertos/dados-por-municipio/127/despesas/despesas-2026.zip
128;Nova Olinda;https://download.tce.pb.gov.br/dados-abertos/dados-por-municipio/128/despesas/despesas-2026.zip
129;Nova Palmeira;https://download.tce.pb.gov.br/dados-abertos/dados-por-municipio/129/despesas/despesas-2026.zip
130;Olho d'Água;https://download.tce.pb.gov.br/dados-abertos/dados-por-municipio/130/despesas/despesas-2026.zip
131;Olivedos;https://download.tce.pb.gov.br/dados-abertos/dados-por-municipio/131/despesas/despesas-2026.zip
132;Ouro Velho;https://download.tce.pb.gov.br/dados-abertos/dados-por-municipio/132/despesas/despesas-2026.zip
133;Parari;https://download.tce.pb.gov.br/dados-abertos/dados-por-municipio/133/despesas/despesas-2026.zip
134;Passagem;https://download.tce.pb.gov.br/dados-abertos/dados-por-municipio/134/despesas/despesas-2026.zip
135;Patos;https://download.tce.pb.gov.br/dados-abertos/dados-por-municipio/135/despesas/despesas-2026.zip
136;Paulista;https://download.tce.pb.gov.br/dados-abertos/dados-por-municipio/136/despesas/despesas-2026.zip
137;Pedra Branca;https://download.tce.pb.gov.br/dados-abertos/dados-por-municipio/137/despesas/despesas-2026.zip
138;Pedra Lavrada;https://download.tce.pb.gov.br/dados-abertos/dados-por-municipio/138/despesas/despesas-2026.zip
139;Pedras de Fogo;https://download.tce.pb.gov.br/dados-abertos/dados-por-municipio/139/despesas/despesas-2026.zip
140;Pedro Régis;https://download.tce.pb.gov.br/dados-abertos/dados-por-municipio/140/despesas/despesas-2026.zip
141;Piancó;https://download.tce.pb.gov.br/dados-abertos/dados-por-municipio/141/despesas/despesas-2026.zip
142;Picuí;https://download.tce.pb.gov.br/dados-abertos/dados-por-municipio/142/despesas/despesas-2026.zip
143;Pilar;https://download.tce.pb.gov.br/dados-abertos/dados-por-municipio/143/despesas/despesas-2026.zip
144;Pilões;https://download.tce.pb.gov.br/dados-abertos/dados-por-municipio/144/despesas/despesas-2026.zip
145;Pilõezinhos;https://download.tce.pb.gov.br/dados-abertos/dados-por-municipio/145/despesas/despesas-2026.zip
146;Pirpirituba;https://download.tce.pb.gov.br/dados-abertos/dados-por-municipio/146/despesas/despesas-2026.zip
147;Pitimbu;https://download.tce.pb.gov.br/dados-abertos/dados-por-municipio/147/despesas/despesas-2026.zip
148;Pocinhos;https://download.tce.pb.gov.br/dados-abertos/dados-por-municipio/148/despesas/despesas-2026.zip
149;Poço Dantas;https://download.tce.pb.gov.br/dados-abertos/dados-por-municipio/149/despesas/despesas-2026.zip
150;Poço de José de Moura;https://download.tce.pb.gov.br/dados-abertos/dados-por-municipio/150/despesas/despesas-2026.zip
151;Pombal;https://download.tce.pb.gov.br/dados-abertos/dados-por-municipio/151/despesas/despesas-2026.zip
152;Prata;https://download.tce.pb.gov.br/dados-abertos/dados-por-municipio/152/despesas/despesas-2026.zip
153;Princesa Isabel;https://download.tce.pb.gov.br/dados-abertos/dados-por-municipio/153/despesas/despesas-2026.zip
154;Puxinanã;https://download.tce.pb.gov.br/dados-abertos/dados-por-municipio/154/despesas/despesas-2026.zip
155;Queimadas;https://download.tce.pb.gov.br/dados-abertos/dados-por-municipio/155/despesas/despesas-2026.zip
156;Quixabá;https://download.tce.pb.gov.br/dados-abertos/dados-por-municipio/156/despesas/despesas-2026.zip
157;Remígio;https://download.tce.pb.gov.br/dados-abertos/dados-por-municipio/157/despesas/despesas-2026.zip
158;Riachão;https://download.tce.pb.gov.br/dados-abertos/dados-por-municipio/158/despesas/despesas-2026.zip
159;Riachão do Bacamarte;https://download.tce.pb.gov.br/dados-abertos/dados-por-municipio/159/despesas/despesas-2026.zip
160;Riachão do Poço;https://download.tce.pb.gov.br/dados-abertos/dados-por-municipio/160/despesas/despesas-2026.zip
161;Riacho de Santo Antônio;https://download.tce.pb.gov.br/dados-abertos/dados-por-municipio/161/despesas/despesas-2026.zip
162;Riacho dos Cavalos;https://download.tce.pb.gov.br/dados-abertos/dados-por-municipio/162/despesas/despesas-2026.zip
163;Rio Tinto;https://download.tce.pb.gov.br/dados-abertos/dados-por-municipio/163/despesas/despesas-2026.zip
164;Salgadinho;https://download.tce.pb.gov.br/dados-abertos/dados-por-municipio/164/despesas/despesas-2026.zip
165;Salgado de São Félix;https://download.tce.pb.gov.br/dados-abertos/dados-por-municipio/165/despesas/despesas-2026.zip
166;Santa Cecília;https://download.tce.pb.gov.br/dados-abertos/dados-por-municipio/166/despesas/despesas-2026.zip
167;Santa Cruz;https://download.tce.pb.gov.br/dados-abertos/dados-por-municipio/167/despesas/despesas-2026.zip
168;Santa Helena;https://download.tce.pb.gov.br/dados-abertos/dados-por-municipio/168/despesas/despesas-2026.zip
169;Santa Inês;https://download.tce.pb.gov.br/dados-abertos/dados-por-municipio/169/despesas/despesas-2026.zip
170;Santa Luzia;https://download.tce.pb.gov.br/dados-abertos/dados-por-municipio/170/despesas/despesas-2026.zip
171;Santa Rita;https://download.tce.pb.gov.br/dados-abertos/dados-por-municipio/171/despesas/despesas-2026.zip
172;Santa Teresinha;https://download.tce.pb.gov.br/dados-abertos/dados-por-municipio/172/despesas/despesas-2026.zip
173;Santana de Mangueira;https://download.tce.pb.gov.br/dados-abertos/dados-por-municipio/173/despesas/despesas-2026.zip
174;Santana dos Garrotes;https://download.tce.pb.gov.br/dados-abertos/dados-por-municipio/174/despesas/despesas-2026.zip
175;Joca Claudino;https://download.tce.pb.gov.br/dados-abertos/dados-por-municipio/175/despesas/despesas-2026.zip
176;Santo André;https://download.tce.pb.gov.br/dados-abertos/dados-por-municipio/176/despesas/despesas-2026.zip
177;São Bentinho;https://download.tce.pb.gov.br/dados-abertos/dados-por-municipio/177/despesas/despesas-2026.zip
178;São Bento;https://download.tce.pb.gov.br/dados-abertos/dados-por-municipio/178/despesas/despesas-2026.zip
179;São Domingos;https://download.tce.pb.gov.br/dados-abertos/dados-por-municipio/179/despesas/despesas-2026.zip
180;São Domingos do Cariri;https://download.tce.pb.gov.br/dados-abertos/dados-por-municipio/180/despesas/despesas-2026.zip
181;São Francisco;https://download.tce.pb.gov.br/dados-abertos/dados-por-municipio/181/despesas/despesas-2026.zip
182;São João do Cariri;https://download.tce.pb.gov.br/dados-abertos/dados-por-municipio/182/despesas/despesas-2026.zip
183;São João do Rio do Peixe;https://download.tce.pb.gov.br/dados-abertos/dados-por-municipio/183/despesas/despesas-2026.zip
184;São João do Tigre;https://download.tce.pb.gov.br/dados-abertos/dados-por-municipio/184/despesas/despesas-2026.zip
185;São José da Lagoa Tapada;https://download.tce.pb.gov.br/dados-abertos/dados-por-municipio/185/despesas/despesas-2026.zip
186;São José de Caiana;https://download.tce.pb.gov.br/dados-abertos/dados-por-municipio/186/despesas/despesas-2026.zip
187;São José de Espinharas;https://download.tce.pb.gov.br/dados-abertos/dados-por-municipio/187/despesas/despesas-2026.zip
188;São José de Piranhas;https://download.tce.pb.gov.br/dados-abertos/dados-por-municipio/188/despesas/despesas-2026.zip
189;São José de Princesa;https://download.tce.pb.gov.br/dados-abertos/dados-por-municipio/189/despesas/despesas-2026.zip
190;São José do Bonfim;https://download.tce.pb.gov.br/dados-abertos/dados-por-municipio/190/despesas/despesas-2026.zip
191;São José do Brejo do Cruz;https://download.tce.pb.gov.br/dados-abertos/dados-por-municipio/191/despesas/despesas-2026.zip
192;São José do Sabugi;https://download.tce.pb.gov.br/dados-abertos/dados-por-municipio/192/despesas/despesas-2026.zip
193;São José dos Cordeiros;https://download.tce.pb.gov.br/dados-abertos/dados-por-municipio/193/despesas/despesas-2026.zip
194;São José dos Ramos;https://download.tce.pb.gov.br/dados-abertos/dados-por-municipio/194/despesas/despesas-2026.zip
195;São Mamede;https://download.tce.pb.gov.br/dados-abertos/dados-por-municipio/195/despesas/despesas-2026.zip
196;São Miguel de Taipu;https://download.tce.pb.gov.br/dados-abertos/dados-por-municipio/196/despesas/despesas-2026.zip
197;São Sebastião de Lagoa de Roça;https://download.tce.pb.gov.br/dados-abertos/dados-por-municipio/197/despesas/despesas-2026.zip
198;São Sebastião do Umbuzeiro;https://download.tce.pb.gov.br/dados-abertos/dados-por-municipio/198/despesas/despesas-2026.zip
199;São Vicente do Seridó;https://download.tce.pb.gov.br/dados-abertos/dados-por-municipio/199/despesas/despesas-2026.zip
200;Sapé;https://download.tce.pb.gov.br/dados-abertos/dados-por-municipio/200/despesas/despesas-2026.zip
201;Serra Branca;https://download.tce.pb.gov.br/dados-abertos/dados-por-municipio/201/despesas/despesas-2026.zip
202;Serra da Raiz;https://download.tce.pb.gov.br/dados-abertos/dados-por-municipio/202/despesas/despesas-2026.zip
203;Serra Grande;https://download.tce.pb.gov.br/dados-abertos/dados-por-municipio/203/despesas/despesas-2026.zip
204;Serra Redonda;https://download.tce.pb.gov.br/dados-abertos/dados-por-municipio/204/despesas/despesas-2026.zip
205;Serraria;https://download.tce.pb.gov.br/dados-abertos/dados-por-municipio/205/despesas/despesas-2026.zip
206;Sertãozinho;https://download.tce.pb.gov.br/dados-abertos/dados-por-municipio/206/despesas/despesas-2026.zip
207;Sobrado;https://download.tce.pb.gov.br/dados-abertos/dados-por-municipio/207/despesas/despesas-2026.zip
208;Solânea;https://download.tce.pb.gov.br/dados-abertos/dados-por-municipio/208/despesas/despesas-2026.zip
209;Soledade;https://download.tce.pb.gov.br/dados-abertos/dados-por-municipio/209/despesas/despesas-2026.zip
210;Sossêgo;https://download.tce.pb.gov.br/dados-abertos/dados-por-municipio/210/despesas/despesas-2026.zip
211;Sousa;https://download.tce.pb.gov.br/dados-abertos/dados-por-municipio/211/despesas/despesas-2026.zip
212;Sumé;https://download.tce.pb.gov.br/dados-abertos/dados-por-municipio/212/despesas/despesas-2026.zip
213;Taperoá;https://download.tce.pb.gov.br/dados-abertos/dados-por-municipio/213/despesas/despesas-2026.zip
214;Tavares;https://download.tce.pb.gov.br/dados-abertos/dados-por-municipio/214/despesas/despesas-2026.zip
215;Teixeira;https://download.tce.pb.gov.br/dados-abertos/dados-por-municipio/215/despesas/despesas-2026.zip
216;Tenório;https://download.tce.pb.gov.br/dados-abertos/dados-por-municipio/216/despesas/despesas-2026.zip
217;Triunfo;https://download.tce.pb.gov.br/dados-abertos/dados-por-municipio/217/despesas/despesas-2026.zip
218;Uiraúna;https://download.tce.pb.gov.br/dados-abertos/dados-por-municipio/218/despesas/despesas-2026.zip
219;Umbuzeiro;https://download.tce.pb.gov.br/dados-abertos/dados-por-municipio/219/despesas/despesas-2026.zip
220;Várzea;https://download.tce.pb.gov.br/dados-abertos/dados-por-municipio/220/despesas/despesas-2026.zip
221;Vieirópolis;https://download.tce.pb.gov.br/dados-abertos/dados-por-municipio/221/despesas/despesas-2026.zip
222;Vista Serrana;https://download.tce.pb.gov.br/dados-abertos/dados-por-municipio/222/despesas/despesas-2026.zip
223;Zabelê;https://download.tce.pb.gov.br/dados-abertos/dados-por-municipio/223/despesas/despesas-2026.zip
